Bear #,Capture ID,WLH ID,WGI ID,Species,Sex,Age Estimate,Tooth Age,Weight (kg),Bear Photo,Capture Reason,Date and Time,Surveyors,Location (latitude),Location (longitude),Location comments,Capture Type,Other Bears at Site?,Collar Brand,Collar Color,Collar Number,L Ear Tag #,L Ear Tag Color,R Ear Tag #,R Ear Tag Color,Neck Size,Snout to Vent Length (natural contours),Snout to Vent Length (straight line),Zoo Length,Chest Girth,Zygomatic Width,Zygomatic Length,Percent Body Fat (grizzly only),GPS Transmit End Date,GPS Transmit End Reason,GPS Data End Date (if different than transmit date),VHF Transmit End Date,VHF Transmit End Reason,Other Detection Date,Other Detection Reason,Fate unknown?
EVGF43,Christina,,10764-a,Grizzly Bear,F,20,,132,,Research,2016-08-15 10:05,"Garth Mowat, Clay Wilson, Bruce McLellan",49.45319,-115.204135,Sand Creek,Helicopter,No,Vectronic,Brown,21404,,,378,Red,58,163,,,105,,,24.12536118,2018-10-27,Connection failure,,2018-10-27,Connection failure,,,Yes
EVGF64,Trish,,cl-Trish,Grizzly Bear,F,9,9,106,8533A24A-EE3F-4E2A-819A-DB563A904382.jpg,Research,2018-05-29 10:11,Clayton Lamb,49.656131,-114.904165,Overpass,Leg Snare,Yes,Follow It,Black,6274,64,Black,64,Black,56.5,157,144,,94.5,17,,16.95742401,2018-08-28,Connection failure,,2018-08-28,Connection failure,,LS confirm,Yes
EVGF72,Phoebe,,18201,Grizzly Bear,F,4,3,112,840B0CDF-3CC0-470D-AC82-37FEDDD668C4.jpg; 119FB9C1-452C-4F85-B09E-C56E4073BCC4.jpg,Research,2017-09-19 11:14,"Clayton Lamb, Laura Smit, Ryan Gordon, Frank Deboon",49.682852,-114.888538,District of Sparwood site,Leg Snare,No,Follow It,Black,6062,72,Black,72,Black,58,163,154,,96,18.8,,25.68332303,2017-11-06,Connection failure,,2017-11-06,Connection failure,,,Yes
EVGM48,Joe,,7040,Grizzly Bear,M,13,13,269,549BBC72-7252-4805-ACDA-0D53FE283E86.jpg,Management,2017-10-22 11:06,"Clayton Lamb, Frank Deboon, Ryan Gordon",49.56824,-115.005956,Hutchinson Farm,Culvert,No,Follow It,Black,6050,382,Red,74,Black,77,190,180,201,,24,,39.15823405,2018-05-13,Connection failure,,2018-05-13,Connection failure,,,Yes
EVGM52,Olson,,14963,Grizzly Bear,M,9,9,236.5,0B3AB46F-9D78-4349-AF93-CC2B8BEE6619.jpg; 54266D6F-888D-436B-B042-DEB632D9736D.jpg,Research,2018-09-28 10:42,"Clayton Lamb, Laura Smit",49.602728,-114.945792,Hosmer (NCC),Leg Snare,No,Follow It,Black,6278,52,Black,49,Black,71.5,202,183,,117,23.9,,32.08312462,2019-04-20,Connection failure,,2019-07-16,Connection failure,,,Yes
EVGM76,Jerry,,14830,Grizzly Bear,M,7,7,189,A13302CC-14BA-483E-9666-145D3DE7783C.jpg; B15C3AF8-66FD-42FA-AB07-FA5E23C656A3.jpg,Research,2018-09-28 8:46,"Clayton Lamb, Laura Smit",49.681998,-114.888206,District of Sparwood,Leg Snare,No,Follow It,Black,6486,76,Black,76,Black,68.5,194,179,,121,22,,31.08602507,2019-07-22,Connection failure,,2019-07-22,Connection failure,,,Yes
EVBM01,Scar,,,Black Bear,M,6,,,42CFA0D2-A652-4199-A56E-4D5D842B4B7F.jpg; 9DB664C2-D6CF-40E3-9DB4-554B226542E7.jpg; 9D4ED886-E825-495A-ADC9-5999FB2B294F.jpg; 6ABCA7EA-C94D-4A7B-8714-484B39778EE5.jpg,Research,2021-09-19 9:48,"Clayton Lamb, Laura Smit",49.64938,-114.726094,Gas Plant,Leg Snare,No,Follow It,Black,6007,111,Black,,,57,,,,,,,,,,,,,,,No
EVGF45,Sue,,cl-Sue,Grizzly Bear,F,7,7,92,27FC5AF2-662B-4BB4-AFDC-C6BD48F87A45~L0~001.jpeg; C22E3F0D-8244-4FEC-968C-4ADB84CCD0B8~L0~001.jpeg,Research,2018-08-17 14:00,"Garth Mowat, Bruce McLellan, Clay Wilson",49.87506,-114.73281,Same cut block as Brittney and Casey. Bears eating V. scoparium. ,Helicopter,Yes,Follow It,Black,6261,250,Black,,,50,153,141,160,86,,,17.64842728,2021-07-08,Rotted,,2021-07-08,Rotted,,,No
EVGF51,Hillary,,cl-Hillary,Grizzly Bear,F,11,,,EB246880-06B2-4F0F-B590-4BB5444E502E~L0~001.jpeg; 7814F8C8-EA52-4D38-9F9C-C7E52790FC51~L0~001.jpeg; 1F2D3BAD-459E-45D9-863A-BA608FC7C1E3~L0~001.png,Management,2016-11-10 13:23,Pat Stent,49.527309,-115.598986,"Power line off Gate 3 road, city fields",Leg Snare,No,Vectronic,Brown,18496,,,164,Yellow,,,,,,,,,2016-11-11,Connection failure,2017-04-10,2016-11-11,Connection failure,2017-04-10,Additional locations on collar,No
EVGF56,Laura,,10744,Grizzly Bear,F,15,,124,349C0542-F247-40BD-BF14-0EC68FAE458F.jpg; 84E3BE89-D000-4A10-A3E9-68DAA01C8C5C.jpg; 8B427B04-C161-46A1-9D38-41BC2789119F.jpg,Research,2017-05-18 8:15,"Clayton Lamb, Garth Mowat, Laura Smit, Stu Clow",49.648084,-114.916464,Olson Pit,Leg Snare,No,Follow It,Black,6054,56,Black,56,Black,68,165,162,,109,19,,28.71166713,2017-06-06,Connection failure,,2017-08-27,Replaced/Recaptured,,,No
EVGF56,Laura,,10744,Grizzly Bear,F,15,,158,4F8AAE83-EA87-407F-83BA-374E8F29CC15.jpg; 32BB5C89-98C2-4FEB-8290-946AC5CD2543.jpg,Research,2017-08-27 9:50,"Clayton Lamb, Laura Smit, Ryan Gordon",49.649432,-114.913422,Olson Pit,Leg Snare,No,Follow It,Black,6059,56,Black,56,Black,64,,,,111,,,,2017-09-10,Connection failure,,2017-09-15,Connection failure,2017-10-15,DNA,No
EVGF57,Brittney,,cl-Brittney,Grizzly Bear,F,6,7,117.7,8957A1DC-77D7-47E1-8C6F-174FE41D4ED0.jpg,Research,2018-08-17 13:12,"Garth Mowat, Bruce McLellan, Clay Wilson",49.874283,-114.737469,Same cut block as Casey and Sue. Bears eating V. scoparium. ,Helicopter,Yes,Follow It,Black,6260,57,Black,57,Black,56,158,147,164,104,16.7,,22.28080501,2021-09-13,Replaced/Recaptured,,2021-09-13,Replaced/Recaptured,,,No
EVGF57,Brittney,,cl-Brittney,Grizzly Bear,F,,10,84.5,3704757F-3946-43A7-B05A-16979344CF3A.jpg,Research,2021-09-13 16:42,"Garth Mowat, Clayton Lamb, Taylor Wilson",49.95324,-114.728715,East Line Creek,Helicopter,Yes,Vectronic,Black,45790,57,Black,57,Black,48,161,149.5,,88,20.5,33.6,23.3249477,,,,,,,,No
EVGF60,Bailey,,cl-Bailey,Grizzly Bear,F,4,6,103,751E2721-31D8-495C-89D2-7D4D07CADFEC.jpg,Research,2018-08-17 11:37,"Garth Mowat, Bruce McLellan, Clay Wilson",49.85694,-114.99945,Nordstrom burn,Helicopter,No,Follow It,Black,6273,60,Black,60,Black,56,150,140,160,97,16.4,,18.21994402,2020-08-07,Blown off,,2020-08-07,Blown off,,,No
EVGF66,Kathy,,cl-Kathy,Grizzly Bear,F,16,16,119,EC78A38C-7B5C-4D56-9885-0AED321DEF94.jpg,Research,2022-09-16 7:56,"Clayton Lamb, Laura Smit",49.376131,-115.015832,NCC Farm,Leg Snare,Yes,Vectronic,Black,85109,66,Black,66,Black,57,156,146,166,96,20.7,,25.57026378,,,,,,,,No
EVGF66,Kathy,,cl-Kathy,Grizzly Bear,F,15,11,114,880FD109-759B-43BC-99DB-79E6909D24B2.jpg,Research,2017-09-11 10:37,"Clayton Lamb, Frank Deboon",49.355391,-114.999849,Morrissey (NCC Meadow),Leg Snare,Yes,Follow It,Black,6056,66,Black,66,Black,57,167,150,160,91,20.5,,20.42492114,2018-07-25,Connection failure,,2018-07-25,Connection failure,2020-09-25,Capture,No
EVGF66,Kathy,,cl-Kathy,Grizzly Bear,F,14,14,122.7,77E7F50C-7006-478E-9C50-F70DF8BB3C5E.jpg; 232806A1-08FC-4231-AF78-AB7A6BFED3E9.jpg,Research,2020-09-25 7:31,"Clayton Lamb, Laura Smit",49.355659,-115.000675,Morrissey (NCC Meadow),Leg Snare,Yes,Vectronic,Black,42578,66,Black,66,Black,59,163,149,,99,20.4,,29.91419869,2021-09-15,Connection failure,,2021-09-15,Connection failure,2022-09-16,Capture,No
EVGF67,Mike,,13253,Grizzly Bear,M,10,8,178.3,AABA0A50-13FA-4F02-BD4D-1114E4F28B3B.jpg,Research,2017-09-11 13:15,"Clayton Lamb, Trish Burley, Frank Deboon",49.402331,-115.02199,,Leg Snare,No,Follow It,Black,6004,67,Black,,,69,197,176,,122,,,18.12287139,2018-06-21,Connection failure,,2018-06-20,Connection failure,2018-10-15,DNA,No
EVGF68,Casey,,641,Grizzly Bear,F,6,11,125,D1174953-9F1C-4625-AE5C-F4FEB201B556.jpg,Research,2017-09-11 15:56,"Clayton Lamb, Bill Hanlon, Frank Deboon",49.881129,-114.882804,Line Creek Road,Leg Snare,No,Follow It,Black,6060,68,Black,68,Black,57,177,152,168,100,,,22.61775513,2019-05-19,Rotted,,2019-05-19,Rotted,,,No
EVGF70,Emma,,cl-Emma,Grizzly Bear,F,8,9,98,C02E517C-B584-4E9E-A2AE-3C897DB8422D.jpg; 5B6E8F51-F68D-4B96-953F-409986845518.jpg,Research,2017-09-15 12:28,"Clayton Lamb, Laura Smit, Trish Burley",49.355532,-115.000632,Morrissey (NCC meadow),Leg Snare,No,Follow It,Black,6061,70,Black,70,Black,56.5,165,152,177,92,19.2,,21.18722314,2018-09-27,Connection failure,,2018-09-27,Connection failure,2022-10-07,DNA,No
EVGF73,Melissa,,cl-Melissa,Grizzly Bear,F,6,,,IMG_5963.jpeg; IMG_8603.jpg; IMG_8602.jpg; IMG_5949.jpeg; IMG_5913.jpeg; IMG_8610.jpg,Management,2020-10-16 11:12,"Clayton Lamb, Jeff Piwek, Trish Burley",49.93876,-114.909916,"4100 Hwy 43, at a farm.",Culvert,Yes,Vectronic,Black,39689,73,Black,73,Black,,,,,,,,,2021-10-04,Mortality,,2021-10-04,Mortality,,,No
EVGF82,Cali,,cl-Cali,Grizzly Bear,F,10,10,,B924F45A-A4FE-4715-9FF9-E1B886FB79B4~L0~001.jpeg,Research,2019-08-23 15:48,"Clay Wilson, Garth Mowat, Bruce McLellan",49.350158,-115.047819,Tunnel Creek,Helicopter,Yes,Follow It,Black,6003,82,Black,82,Black,58,157,,169,99,,,,2020-11-10,Connection failure,,2021-09-13,Connection failure,,,No
EVGF82,Cali,,cl-Cali,Grizzly Bear,F,6,9,145,26AAE3DA-3186-412A-995B-FD74677F8274.jpg; B47E017C-85FC-4F28-8BF4-5DA73586731B.jpg,Research,2018-09-26 11:57,"Clayton Lamb, Laura Smit",49.343112,-115.01664,Tunnel Pit ,Leg Snare,No,Follow It,Black,6485,82,Black,82,Black,60,175,,,,,,35.69282038,2019-05-30,Connection failure,2019-08-23,2019-08-23,Replaced/Recaptured,,,No
EVGF83,Amy,,cl-Amy ,Grizzly Bear,F,7,5,129.5,1CC431CD-7C6D-42C5-87A6-6F175C428381.jpg; 2BE67873-C0A9-4FF0-BF4D-F5F742A2B659.jpg,Research,2018-09-20 7:48,"Clayton Lamb, Laura Smit, Trish Burley",49.682744,-114.888274,District of Sparwood,Leg Snare,Yes,Follow It,Black,6007,83,Black,83,Black,58.5,177,155,,99.5,18.8,,24.81572873,2018-10-27,Mortality,,2018-10-26,Mortality,,,No
EVGF84,EVGF84,21-2753,cl-EVGF84 ,Grizzly Bear,F,3,,98,66C6B807-DCDC-41A1-99CE-D971CF4F75E3.jpg; 954CDF25-8CD3-4D18-9558-1EDBCAAA7175.jpg,Research,2021-09-27 9:27,"Clayton Lamb, Laura Smit",49.657925,-114.731052,Alexander Gun Range,Leg Snare,No,Vectronic,Black,80070,47,Black,84,Black,53,161,144,,,16.8,31,24.36062208,,,,,,,,No
EVGF84,EVGF84,21-2753,cl-EVGF84,Grizzly Bear,F,0,,34.4,C26F1466-B673-4227-8AF2-4417D3C17A3C.jpg; 5D181BF6-23E8-49AF-BDE0-08424AAF226F.jpg,Research,2018-09-20 7:50,"Clayton Lamb, Laura Smit, Trish Burley",49.682828,-114.888241,District of Sparwood,Leg Snare,Yes,,,,,,84,Black,,,,,,,,,,,,,,,,No
EVGF85,Monica,,cl-Monica,Grizzly Bear,F,5,2,77.5,E9BC9AA9-412D-4795-9408-819958C7D57D.jpg,Research,2018-09-21 10:02,"Clayton Lamb, Laura Smit, Trish Burley",49.599145,-114.94689,Hosmer Powerline,Leg Snare,No,Follow It,Black,6483,85,Black,85,Black,48,,,,,,,,2019-11-14,Connection failure,,2019-11-14,Connection failure,2020-10-31,Dead,No
EVGF87,EVGF87 ,,cl-EVGF87,Grizzly Bear,F,0,1,,,Research,2018-09-24 8:38,"Clayton Lamb, Laura Smit, Ryan Gordon, Jeff Piwek",49.682393,-114.887933,District of Sparwood ,Leg Snare,Yes,,,,87,Black,87,Black,,,,,,,,,,,,,,,,No
EVGF91,Rachel,,cl-Rachel,Grizzly Bear,F,4,4,117,,Research,2020-09-05 10:00,"Garth Mowat, Clay Wilson, Bruce McLellan",49.42549,-114.97648,Upper Matheson,Helicopter,No,Vectronic,Black,42580,91,Black,91,Black,56,155,148,161,106,,,34.12807102,2022-05-15,Mortality,,2022-05-15,Mortality,,,No
EVGF91,Rachel,,cl-Rachel,Grizzly Bear,F,4,2,86.7,5447B48B-C7B0-44A8-BAA0-D5EACC7D60A8.jpg; 08B2FDE5-E436-4F25-B5E5-810E631B69A9.jpg; 02C9D028-4BC8-4A65-9B5E-F4C977C18D49.jpg,Research,2018-10-02 9:47,"Clayton Lamb, Laura Smit",49.463028,-115.052315,"Cokato Landing (culvert), then moved to CO office to process (snow storm on the way). Let her wake up inside in the culvert inside, then drove her up Cokato and released her (49.41626, -115.02499), about 5.5 km from her capture location. ",Culvert,No,Follow It,Black,6484,91,Black,91,Black,49,149,137,,91,15.7,,,2020-06-24,Connection failure,,2020-09-05,Replaced/Recaptured,,,No
EVGF92,Bubbles,21-2750,21248,Grizzly Bear,F,10,10,123,679CCBA1-0F4F-40BB-B1C8-8ED58DBB509C.jpg; 4E10A4BC-AC06-4DDE-8667-C9FF8BB1839A.jpg,Research,2021-09-22 8:02,"Clayton Lamb, Laura Smit, Cali Lewis",49.657898,-114.90347,Hosmer Overpass,Leg Snare,Yes,Vectronic ,Black,45792,92,Black,92,Black,60,161,143,,97,19.6,29.5,23.22002911,,,,,,,,No
EVGF92,Bubbles,21-2750,21248,Grizzly Bear,F,10,8,,13DB5B12-1708-4E58-877E-1F50BD3F59F7.jpg; 11788311-05AC-4CA3-B280-5486543A7721.jpg,Research,2019-05-09 11:48,"Garth Mowat, Pat Stent, Clay Wilson",49.601459,-114.959455,East of Hosmer - Canwell property,Helicopter,Yes,Follow It,Black,6642,92,Black,92,Black,58,162,130,173,95.5,18.7,,,2020-06-08,Connection failure,,2021-05-01,Rotted,2021-09-22,Capture,No
EVGF93,JimmyMom,,11478,Grizzly Bear,F,15,13,107.4,89C31B20-1395-408A-A44B-67B8C069DE16.jpg; 2A14F851-6C65-452A-A544-DAEAF34141C8.jpg; 5145A42F-2139-4EEF-B38E-A287CA703784.jpg,Research,2019-05-09 14:05,"Clay Wilson, Pat Stent, Garth Mowat",49.982987,-114.888396,Selective cutblock. ,Helicopter,Yes,Follow It,Black,6640,93,Black,93,Black,62,155,142,172,98,18.1,,21.79701554,2019-11-02,Slipped,,2020-02-01,Slipped,,,No
EVGF94,JimmySis,,23937,Grizzly Bear,F,2,,45.8,4D9D2750-B430-4C59-BA06-2980319C92FA.jpg; AA185B62-2EBB-43EC-B9C5-8B8C1FD1D054.jpg,Research,2019-05-09 15:14,"Pat Stent, Garth Mowat, Clay Wilson",49.983083,-114.888387,600 m SE of EVGF93 (JimmyMom),Helicopter,Yes,Follow It,Black,6641,94,Black,94,Black,43.2,136,118,146,84,14.5,,,2019-05-10,Slipped,,2019-05-10,Slipped,,,No
EVGF95,Amelie,,cl-Amelie,Grizzly Bear,F,15,,110,7F0BA42E-DFB9-44D8-9C0E-7A84DC42D229~L0~001.jpeg,Research,2019-08-23 16:51,"Bruce McLellan, Clay Wilson, Garth Mowat",49.428901,-115.216915,Sand Creek (northwest face),Helicopter,Yes,Follow It,Black,6053,,,402,Red,59,163,147,,98,,,15.85090635,2021-08-23,Blown off,,2021-08-23,Blown off,,,No
EVGF96,Elaine,,10826-c,Grizzly Bear,F,15,16,113,554550B0-240E-49F8-9608-5CFBF6A03DAF.jpg; 2184B7DC-556E-47CD-878A-EBDD7E3DA90E.jpg; 8EF5442E-3DD5-4837-A954-2837E0354954.jpg; A2524B73-0D0A-4A37-89A6-3477CD5B0E6F.jpg,Research,2019-09-13 10:22,"Clayton Lamb, Laura Smit",49.579025,-115.027283,Hartley Lake Road,Leg Snare,No,Vectronic,Black,39688,96,Black,96,Black,56,170,147,,97,18.5,,,,,,,,,,No
EVGF97,Willow,,12496,Grizzly Bear,F,11,11,153,6281BDD1-B839-418D-A782-53D1AA6BC629.jpg,Research,2019-09-24 8:21,"Clayton Lamb, Laura Smit",49.355726,-115.000707,Morrissey (NCC Meadow),Leg Snare,No,Follow It,Black,6276,97,Black,97,Black,,171,154,,,,,35.65619251,2021-10-06,Mortality,,2021-10-06,Mortality,,,No
EVGF97,Willow,,12496,Grizzly Bear,F,11,11,153,2808D176-F81C-4FAF-9CE4-89508820DE6E.jpg,Research,2019-09-14 8:33,"Clayton Lamb, Laura Smit, Stu Clow",49.355679,-115.000691,Morrissey (NCC Meadow),Leg Snare,No,Follow it,Black,6276,97,Black,97,Black,61.5,171,154,,107,19.8,,,2019-09-24,Replaced/Recaptured,,2019-09-24,Replaced/Recaptured,,,No
EVGF102,Polly,,17315,Grizzly Bear,F,10,10,112,23808B42-8476-4458-B3DD-68CDA4B1273C.jpg; CD93F330-DD7C-49D6-93E0-5CF4F962F91A.jpg,Research,2019-09-21 8:34,"Clayton Lamb, Laura Smit, Jeff Piwek",49.657812,-114.903573,Hosmer Powerline Overpass ,Leg Snare,Yes,Follow It ,Black,6057,102,Black,102,Black,58,162,152,,97,19,,26.42851679,2020-11-18,Connection failure,,2020-11-18,Connection failure,2021-05-14,Visual,No
EVGF104,Marilyn,,cl-Marilyn,Grizzly Bear,F,4,5,85,0D0C8074-F4DE-4BC7-8BAE-851E207A5DEB.jpg; 83F644B1-6597-4B6A-80F6-AF587698009B.jpg,Research,2019-09-22 8:58,"Clayton Lamb, Laura Smit",49.657127,-114.729435,Alexander Gun Range,Leg Snare,No,Follow It,Black,6275,104,Black,104,Black,51,154,145,,82,17.1,,26.98503378,2020-06-07,Mortality,,2020-06-07,Mortality,,,No
EVGF107,Ada,,cl-Ada,Grizzly Bear,M,6,7,139,E0F5A7CB-DBA4-4226-B100-C0449CD3F41A.jpg,Research,2020-09-23 8:19,"Clayton Lamb, Laura Smit",49.657985,-114.903376,Hosmer Overpass,Leg Snare,No,Vectronic,Black,42581,107,Black,107,Black,61,180,154,,103.5,18.8,,27.83837595,,,,,,,,No
EVGF109,Esme,,21424,Grizzly Bear,F,8,9,118,12322A64-F748-41D4-ADC4-418D4AD7B751.jpg; 4FC52B10-1671-4D31-BEE2-9CEF940CBB17.jpg; 504B5B87-DCF6-4ADB-8FD4-B461B7606A6A.jpg,Research,2020-09-25 9:45,"Clayton Lamb, Laura Smit, Ryan Gordon",49.675155,-114.785021,Michel Fish Hole ,Leg Snare,Yes,Follow It,Black,6275,109,Black,109,Black,58,173,159,,95,19.2,,22.70794631,2021-09-13,Replaced/Recaptured,,2021-09-13,Replaced/Recaptured,,,No
EVGF109,Esme,,21424,Grizzly Bear,F,9,10,136,B34BB316-F28E-48EF-84F7-2DABF252B222.jpg,Research,2021-09-13 13:59,"Clayton Lamb, Garth Mowat, Taylor Wilson",49.615924,-114.794546,Corbin,Helicopter,No,Vectronic,Black,45783,109,Black,109,Black,62.5,166,153,179,104,20,36,32.18449796,,,,,,,,No
EVGF111,EVGF111,,cl-EVGF111,Grizzly Bear,F,0,,,MelissaAndCOYs_16Oct2020.jpg,Management,2020-10-16 11:12,"Clayton Lamb, Jeff Piwek, Trish Burley",49.93876,-114.909916,"4100 Hwy 43, at a farm.",Free Range,Yes,,,,4496,Yellow,4490,Yellow,,,,,,,,,,,,,,,,No
EVGF112,EVGF112,,cl-EVGF112,Grizzly Bear,F,0,,,MelissaAndCOYs_16Oct2020.jpg,Management,2020-10-16 11:12,"Clayton Lamb, Jeff Piwek, Trish Burley",49.93876,-114.909916,"4100 Hwy 43, at a farm.",Free Range,Yes,,,,4500,Yellow,4489,Yellow,,,,,,,,,,,,,,,,No
EVGF115,Patty,21-3138,,Grizzly Bear,F,3,2,90,201A92A1-FA76-486D-AA94-B4FAB0506FE3.jpg,Research,2021-09-24 8:44,"Clayton Lamb, Laura Smit",49.607458,-114.936207,Hosmer Butcher Dump,Leg Snare,No,Vectronic,Black,80071,115,Black,115,Black,52.5,152,137,,81.5,16.1,30,20.328865,2021-11-07,Replaced/Recaptured,,2021-11-07,Replaced/Recaptured,,,No
EVGF115,Patty,21-3138,,Grizzly Bear,F,3,2,,,Management,2021-11-07 12:49,Ryan Gordon,49.582869,-114.974381,"Same farm as Turkey caught day before. Released up Ladner Creek (49.6774600, -114.9310000) ",Culvert,No,Vectronic,Black,80071,115,Black,115,Black,,,,,,,,,2022-10-25,Mortality,2022-10-25,2022-10-25,Mortality,,,No
EVGF116,Kim,21-2752,,Grizzly Bear,F,7,11,163,B8EE0C6A-CEAB-4080-AA29-7C590F46B222.jpg; 4D278012-4B39-4027-83FE-B97AA00220A1.jpg,Research,2021-09-26 8:41,"Clayton Lamb, Laura Smit, Cali Lewis",49.657962,-114.903396,Hosmer Overpass,Leg Snare,No,Vectronic,Black,80069,116,Black,116,Black,66,166,148,,117,20.3,32.5,38.56229187,,,,,,,,No
EVGF119,Turkey,21-3137,,Grizzly Bear,F,5,4,,75503995-96EF-45ED-8159-E12E23E74008.jpg; BE9FB6AE-54D7-4E20-827F-18859A4A2A42.jpg,Management,2021-11-06 11:09,"Clayton Lamb, Denny Chretien",49.582831,-114.974213,Residence just before Hosmer bridge. Female and cubs were breaking into turkey coop and killing turkeys. ,Culvert,No,Follow It,Black,6641,101,Red,4454,Yellow,60,,,,,,,,2022-02-15,Rotted,,2022-09-15,Rotted,,,No
EVGF120,Grace,,,Grizzly Bear,F,6,,106,C0D9C16E-6C3E-48DA-B560-ACDEA2509DDC.jpg; 4267B236-312D-4188-A227-D8D5A0417AA6.jpg,Research,2022-09-18 7:57,"Clayton Lamb, Laura Smit",49.198295,-115.126034,Grasmere Flats,Leg Snare,No,Vectronic ,Black,86087,120,Black,120,Black,58,156,145,163,93,18.6,,26.88829581,,,,,,,,No
EVGF121,Sandy,,,Grizzly Bear,F,4,,69.5,A2DB1A24-A561-4ABA-8236-0B5F0A39D4BD.jpg; BFFEFA37-5D07-4D5F-9293-8D67F7A99A73.jpg,Research,2022-09-19 8:15,"Clayton Lamb, Laura Smit",49.38848,-115.199211,Sand Creek,Leg Snare,No,Vectronic,Black,85108,121,Black,121,Black,50,138,130,147,83,16.5,,28.76845365,,,,,,,,No
EVGM50,Darren,,14489,Grizzly Bear,M,8,7,200,8BE09A95-EBE1-4669-B237-A5BF4A62ACAB~L0~001.jpeg,Research,2016-10-03 18:17,"Clayton Lamb, Bill Hanlon, Bruce McLellan, Darren Reghenas",49.881805,-114.918419,Brule Bait Cache,Culvert,No,Vectronic,Brown,15109,398,Red,,,76,178,168,185,123,,,30.24732227,2016-11-27,Slipped,,2016-11-27,Slipped,2017-08-26,Capture,No
EVGM52,Olson,,14963,Grizzly Bear,M,9,9,244,24F8F17D-3478-42B1-92EE-76546A9F1997.jpg; 623516D6-9A59-46F7-A9F2-95477FDE37E7.jpg,Research,2018-05-13 7:20,"Clayton Lamb, Laura Smit, Garth Mowat, Ryan Gordon",49.64807,-114.917113,Olson Pit,Leg Snare,No,Follow It,Black,6276,67,Black,49,Black,86,199,179,210,120,23.1,,21.5522157,2018-07-28,Connection failure,,2018-09-28,Replaced/Recaptured,,,No
EVGM77,Gums,,3165,Grizzly Bear,M,24,27,176,A37C26BD-5A51-4013-AF06-511CAC8EEFD8.jpg; 57CA9694-AB71-477E-8201-5EB2152E23EC.jpg; 8C6DD1B8-F801-41A3-8AD3-E68ECB5807F7.jpg; 81A0B413-70CB-4580-B6C6-D9B6DF798872.jpg,Research,2019-09-16 10:36,"Clayton Lamb, Laura Smit",49.386715,-114.995371,River Road Extension (Branch B),Leg Snare,No,Follow It,Black,6052,99,Black,99,Black,66,183,168,,113,23.8,,16.19143182,2020-01-23,Connection failure,,2020-01-23,Connection failure,2021-10-23,Dead,No
EVGM80,Tim,,11513,Grizzly Bear,M,16,16,260,FE224CD4-B577-4110-8F39-0EBBFBE2F73F.jpg; 31B1DE2C-CE33-4769-AB4B-11233BBF745E.jpg; A3DBB367-78BD-48EC-86DD-0CBDA5D84D18.jpg,Research,2020-09-26 15:45,"Clayton Lamb, Laura Smit",49.602758,-114.945853,Hosmer (NCC),Leg Snare,No,Follow It,Black,6277,,,80,Black,77,,,,,,,,2020-11-16,Connection failure,,2020-11-16,Connection failure,2021-10-15,DNA,No
EVGM86,Chandler,,148,Grizzly Bear,M,17,17,211,D23E145C-CEFD-45EF-8D7F-C182255B2404.jpg; ABDFA4B2-1B82-4298-AB06-EE02397BD3BD.jpg,Research,2020-09-21 8:35,"Clayton Lamb, Laura Smit",49.682056,-114.888117,District of Sparwood,Leg Snare,No,Vectronic,Black,42579,86,Black,86,Black,74,197,179,206,119,23.6,,25.77485045,,,,,,,,No
EVGM86,Chandler,,148,Grizzly Bear,M,15,15,268,BD318063-F6F3-4628-BB73-BD6F0ADC9E6C.jpg; 66375E6B-C77A-4EAC-8D74-6149F8070709.jpg,Research,2018-09-22 8:13,"Clayton Lamb, Laura Smit, Jeff Piwek",49.650972,-114.911478,Olson Pit,Leg Snare,No,Follow It,Black,6487,86,Black,86,Black,80,195,181,,135,24,,,2019-07-01,Connection failure,,2019-07-21,Connection failure,2020-09-21,Capture,No
EVGM88,EVGM88,,cl-EVGM88,Grizzly Bear,M,3,3,76,DEC0093A-3755-44F0-B35F-A095EC09D299.jpg; FF52E242-D242-4182-AC7A-3C3B9E167027.jpg; 9943254F-0ECF-4B9A-A4FA-11746FD6B561.jpg,Management,2018-09-24 10:45,"Clayton Lamb, Laura Smit, Ryan Gordon, Jeff Piwek",49.342345,-115.294014,"7611 Baynes Lake Road, Jaffray (capture location). COs took the bear (in trailer) about 5 km down the road to a field by the river. We processed it and released it there. The GPS location is the release site. ",Culvert,No,Follow It,Black,6005,88,Black,88,Black,48,147,128,,87,15.1,,,2019-01-08,Connection failure,,2019-01-08,Connection failure,2021-12-24,Visual,No
EVGM89,Kramer,,cl-Kramer,Grizzly Bear,M,4,3,110,70BE3DD8-0176-455C-A097-CC0FD0FD75BD.jpg; E25F5E1C-C57F-4ECF-81FA-82CEE2A33E5C.jpg; F2A8FB88-EC0D-45B1-B8F7-B3F0C52B3973.jpg,Research,2018-09-26 9:04,"Clayton Lamb, Laura Smit, Trish Burley",49.355495,-115.00001,Morrissey (NCC Meadow),Leg Snare,No,Follow It,Black,6262,89,Black,89,Black,53,164,145,,97,17.3,,23.62610608,2018-11-12,Connection failure,,2018-11-12,Connection failure,2020-05-13,Dead,No
EVGM90,Jimmy,,cl-Jimmy,Grizzly Bear,M,2,1,83,EFB4862D-B9CD-44C5-8F98-08149B9E5684.jpg; B9A85B2E-FD15-4C0D-AE6D-82174A32EDF5.jpg,Research,2018-09-29 13:12,"Clayton Lamb, Laura Smit",49.887851,-114.913428,Brule bait cache culvert (the GPS location is the pit where we processed him). ,Culvert,Yes,Follow It,Black,6275,90,Black,90,Black,48,144,128,,84,,,34.55457542,2019-07-02,Rotted,,2019-07-02,Rotted,,,No
EVGM98,Caleb,,cl-Caleb,Grizzly Bear,M,3,3,106,0352E98A-C184-43DF-AAB8-88BD5A774828.jpg; C36947D7-C2F0-4B74-90D7-E2F733F9B7CC.jpg,Research,2019-09-16 8:50,"Clayton Lamb, Laura Smit",49.355578,-115.000682,Morrissey (NCC Meadow),Leg Snare,No,Vectronic,Black,39689,98,Black,98,Black,55,163,151,,88,17.9,,26.53483572,2020-09-29,Rotted,,2020-09-29,Rotted,,,No
EVGM100,Arthur,,18883,Grizzly Bear,M,2,2,94,FA7C778F-DBBD-4804-B566-519BCE74E2E7.jpg,Research,2019-09-18 14:43,"Clayton Lamb, Laura Smit",50.220642,-114.882924,"Caught at Fording River Operations mine site (location above), then moved in the back of the truck to the bottom of the Dry Creek Road and released there.",Leg Snare,Yes,Follow It,Black,6641,100,Black,100,Black,55.5,146,139,,90,17.1,,,2020-09-01,Replaced/Recaptured,,2020-09-01,Replaced/Recaptured,,,No
EVGM100,Arthur,,18883,Grizzly Bear,M,3,3,113,17E91865-A5EE-47C0-9D65-3BFDD8EA8C0C.jpg,Research,2020-09-01 11:34,"Garth Mowat, Bruce McLellan, Clay Wilson",50.243468,-114.867337,North end of the Fording Mine.,Helicopter,No,Vectronic,Black,42577,100,Black,100,Black,58,157,143,164,99,16,,13.25656802,2021-07-22,Rotted,,2021-07-22,Rotted,,,No
EVGM101,Tommy,,23838,Grizzly Bear,M,2,2,92.5,F0567D08-28DD-46A5-9532-472132132167.jpg,Research,2019-09-18 14:43,"Clayton Lamb, Laura Smit",50.220572,-114.882874,"Caught at Fording River Operations mine site (location above), then moved in the back of the truck to the bottom of the Dry Creek Road and released there.",Leg Snare,Yes,Vectronic,Black,39690,101,Black,101,Black,54,149,140,,91,16.5,,,2020-07-02,Mortality,,2020-07-02,Mortality,,,No
EVGM103,EVGM103,,cl-EVGM103,Grizzly Bear,M,0,,29.6,EA94566A-1000-4694-915D-275C89FD0716.jpg,Research,2019-09-21 8:34,"Clayton Lamb, Laura Smit, Jeff Piwek",49.657835,-114.903634,Hosmer Powerline Overpass,Leg Snare,Yes,,,,,,103,Black,36,105,96,,60,12.6,,,,,,,,,,No
EVGM106,Finn,,18184,Grizzly Bear,M,4,6,128,4AB31857-B9B3-49B2-B1D1-CA90166BCDE5.jpg,Research,2020-09-19 8:46,"Clayton Lamb, Laura Smit",49.675294,-114.784455,Michel fishing hole,Leg Snare,No,Vectronic ,Black,39690,106,Black,106,Black,58,173,158,,106,19.2,,29.59091771,2021-09-25,Connection failure,,2021-09-25,Connection failure,,,No
EVGM108,EVGM108,,cl-EVGM108,Grizzly Bear,M,1,,64,330A7C4A-DD5F-4B08-8588-7FA44AAB69DA.jpg,Research,2020-09-25 7:37,"Laura Smit, Clayton Lamb",49.355655,-115.000695,Morrissey (NCC Meadow),Leg Snare,Yes,,,,108,Black,108,Black,,,,,,,,,,,,,,,,No
EVGM110,Stu,,4875,Grizzly Bear,M,20,16,201,26A1DAC4-E13A-4F2D-A754-9BA45FA5FD78.jpg; 576770D3-BA4A-4B83-9625-90A97E4AA771.jpg; 4629BB7C-8C51-4A96-BFD7-058B7F018825.jpg,Research,2020-09-27 8:25,"Clayton Lamb, Laura Smit",49.657259,-114.729519,Alexander Gun Range ,Leg Snare,No,Follow It,Black,6006,110,Black,110,Black,70,194,172,,122,22.2,,27.4067532,2021-04-13,Connection failure,,2021-09-21,Replaced/Recaptured,,,No
EVGM110,Stu,,4875,Grizzly Bear,M,,17,166,29C42389-7414-40C8-9DF8-7445A023E7B6.jpg; 7009E71C-70DB-448A-B93A-75861C143C30.jpg; 1207570A-B0AC-46BE-9AB0-3A7B44166754.jpg; 04B31837-EE7E-429B-8498-2D0119B1846B.jpg,Research,2021-09-21 9:06,"Clayton Lamb, Laura Smit",49.632112,-114.784166,Corbin Grass Flats,Leg Snare,No,Vectronic,Black,45788,110,Black,110,Black,65.5,191,165,,109,21.8,35.7,23.39933644,,,,,,,,No
EVGM113,Dan,,,Grizzly Bear,M,2,2,88,029E9152-8076-4687-8E66-0F61CEEF9425.jpg; EAB32738-F21F-4C1A-864F-DFDD767C6AFB.jpg; 1C1BFA1D-64A7-4365-8E4D-D941FDBB17A6.jpg,Research,2021-09-20 8:21,"Clayton Lamb, Laura Smit",49.649461,-114.725728,Gas Plant,Leg Snare,No,Vectronic,Black,45791,113,Black,113,Black,51,164,143,,90,15.5,30.5,17.58288989,,,,,,,,No
EVGM114,Colton,21-2751,,Grizzly Bear,M,2,4,93,9D633CC9-8A37-4AD2-9B61-08C9AE720882.jpg; 3C90152E-736E-4494-BA55-D236136DB8B3.jpg,Research,2021-09-22 10:06,"Clayton Lamb, Laura Smit, Cali Lewis",49.649327,-114.726159,Gas Plant,Leg Snare,No,Vectronic,Black,42577,114,Black,114,Black,51,161,150,,91.5,16.8,31.5,28.54394401,,,,,,,,No
EVGM117,Todd,,,Grizzly Bear,M,4,,131,FB4171D1-D428-418D-A0C6-B3676D5E5EDB.jpg,Research,2022-09-13 7:46,"Clayton Lamb, Laura Smit",49.376007,-115.015507,NCC Farm,Leg Snare,Yes,Vectronic,Black,86088,117,Black,117,Black,62,173,157,181,100,,20,21.29789822,2022-09-21,Replaced/Recaptured,,2022-09-21,Replaced/Recaptured,,,No
EVGM117,Todd,,,Grizzly Bear,M,4,,,DA87C1CF-E5BD-4DE2-836E-85BBAD711CC1.jpg; 5040B184-00E9-4C9C-B58D-92CDB049511A.jpg,Research,2022-09-21 9:35,"Clayton Lamb, Laura Smit",49.354964,-115.000983,Morrissey Meadows (NCC),Leg Snare,No,Vectronic ,Black,86088,117,Black,117,Black,,,,,,,,,,,,,,,,No
EVGM118,Theodore,,,Grizzly Bear,M,7,,212,35839F6C-D93A-490A-BE47-0D48B5E07B30.jpg; 52CA5E4A-3DC8-43DB-8158-6B6B9B9BD9D0.jpg; 4ACF5322-9E18-4F6C-939D-4EB2EDB2029E.jpg,Research,2022-09-14 8:23,"Clayton Lamb, Laura Smit",49.355125,-115.000651,Morrissey Meadow (NCC),Leg Snare,Yes,Vectronic ,Black,86086,118,Black,118,Black,73,189,173,202,121,22.9,,26.5717556,,,,,,,,No
EVGM122,Gus,,,Grizzly Bear,M,9,,210,26E16F96-DE24-476F-8E85-69BA59E8627D.jpg,Research,2022-09-21 7:34,"Clayton Lamb, Laura Smit",49.313626,-115.194219,Beware of Owner,Leg Snare,No,Vectronic ,Black,42580,122,Black,122,Black,75,189,171,198,123,24,,,,,,,,,,No
EVGF41,Sophie ,,cl-Sophie,Grizzly Bear,F,10,8,143,,Research,2016-08-14 9:34,"Bruce McLellan, Clay Wilson, Garth Mowat",49.452073,-115.175296,Sand Creek,Helicopter,Yes,Vectronic,Brown,21406,,,384,Red,66,167,,,104,,,25.80441789,2017-05-11,Slipped,,2017-05-11,Slipped,,LS Confirm,No
EVGF42,Melanie,,5560,Grizzly Bear,F,25,12,140,,Research,2016-08-14 9:52,"Clay Wilson, Bruce McLellan, Garth Mowat",49.454183,-115.173319,Sand Creek,Helicopter,Yes,Vectronic,Brown,21403,,,387,Red,62,158,,,112,,,20.53727547,2019-04-23,Rotted,,2019-04-23,Rotted,2020-08-15,DNA,No
EVGF45,Sue,,cl-Sue,Grizzly Bear,F,6,5,110,IMG_0048.JPG,Research,2016-09-29 10:53,"Clayton Lamb, Michael Proctor, Bill Hanlon",49.840823,-114.865253,Grave Praire,Leg Snare,No,Vectronic,Brown,15108,250,Black,250,Black,61,166,,,108,,,30.95218994,2018-05-08,Connection failure,2018-08-17,2018-08-17,Replaced/Recaptured,2018-08-17,Capture,No
EVGF46,Cameo,,cl-Cameo,Grizzly Bear,F,4,4,104,D045CE3B-2AD6-44E6-935B-F5365E76B338.jpg; 064FC488-F5AC-46F8-A125-5058D525FD6B.jpg; B0B8BD90-DCCF-4B72-83A8-007EC66EBFFF.jpg; 16E0FB4B-5841-4AD4-85C6-2C390DD68150.jpg; 68A65B10-AAF7-453A-9B6F-E108371599C8.jpg,Management,2017-09-20 10:33,"Clayton Lamb, Laura Smit, Frank Deboon, Trish Burley",50.051701,-114.930075,Elkford ,Leg Snare,Yes,,,,379,Red,,,56,157,149,,98,,,34.47765548,,,,,,,,No
EVGF46,Cameo,,cl-Cameo,Grizzly Bear,F,3,3,86,09CE09CF-67B5-46E6-A889-D17DB75B0821.jpg,Research,2016-10-02 13:07,"Clayton Lamb, Bill Hanlon, Bruce McLellan",49.692649,-114.893674,Sparwood Landfill ,Leg Snare,Yes,Vectronic,Brown,15111,379,Red,,,52,144,135,150,90,,,21.92160884,2017-05-07,Rotted,,2017-05-07,Rotted,2017-09-20,Capture,No
EVGF49,Fran,,cl-Fran,Grizzly Bear,F,5,3,117,IMG_0060.JPG,Research,2016-10-03 15:09,"Clayton Lamb, Bill Hanlon, Joe Caravetta, Bruce McLellan",49.609082,-114.942976,Hosmer Elk Dump,Leg Snare,No,Vectronic,Brown,18495,383,Red,,,61,154,141,161,102,,,28.39689608,2016-11-02,Mortality,,2016-11-02,Mortality,,,No
EVGF54,Lily,,18302,Grizzly Bear,F,5,6,88,A1C3D6FD-997C-447E-BFEF-9D37B1677ACB.jpg,Research,2017-05-01 9:28,"Garth Mowat, Frank Deboon, Clayton Lamb",49.501599,-115.077548,Hand Ave,Free range,No,Vectronic,Brown,18495,54,Black,54,Black,54,155,147,,88,,,15.15631064,2017-05-21,Mortality,,2017-05-21,Mortality,,,No
EVGF57,Brittney,,cl-Brittney,Grizzly Bear,F,5,6,82,586B4946-71EB-4C7C-BF66-D93468115B93.jpg,Research,2017-05-18 14:13,"Clayton Lamb, Garth Mowat, Laura Smit",49.840888,-114.865629,Grave Prairie,Leg Snare,No,Follow It,Black,6006,57,Black,57,Black,55,158,147,,91,17.5,,8.529070734,2018-08-17,Replaced/Recaptured,,2018-08-17,Replaced/Recaptured,,,No
EVGF60,Bailey,,cl-Bailey,Grizzly Bear,F,3,5,69,3EC3C87B-81FA-409C-898D-77AF1A2226F9.jpg; 6A8EC010-8822-425E-9AFD-FB7D1C511FA6.jpg,Research,2017-06-14 14:00,"Clayton Lamb, Laura Smit",49.859177,-114.97084,Base of slide up ATV trail off Nordstrom. ,Leg Snare,No,Follow It,Black,6057,60,Black,60,Black,51,147,136,162,89,16.4,,5.378379756,2018-08-17,Replaced/Recaptured,,2018-08-17,Replaced/Recaptured,,,No
EVGF62,Sheena,,7341,Grizzly Bear,F,9,,114,,Management,2015-08-30 14:00,"Pat Stent, Frank Deboon, Joe Caravetta, Joe Garay, Jared Connatty, Ray Gilewicz ",49.570929,-115.005147,"Sheena had been killing chickens at Hutchinson's farm (6829 Bryant Road, Hosmer). See HWCR #15-10132 for more details. ",Culvert,Yes,Lotek ,,38739,,,4486,Yellow,,,,,,,,,2015-09-30,Mortality,,2015-09-30,Mortality,,,No
EVGF63,Honey,,CI137206,Grizzly Bear,F,,7,,,Management,2015-09-25 17:00,"Pat Stent, Ray Gilewicz , Jared Connatty, Jeff Scott",49.585177,-115.576828,"Captured near Norbury Lake (where she and her offspring had been getting in trouble for stealing honey), then moved to Van Creek. ",Leg Snare,Yes,Lotek ,,38738,4310,Yellow,,,,,,,,,,,2017-03-15,Connection failure,,2017-03-15,Connection failure,2017-07-18,Dead,No
EVGF64,Trish,,cl-Trish,Grizzly Bear,F,9,8,114,F26D4DDF-627E-4127-BFC5-9834708B8ADD.jpg; E0D1C917-394F-4BE5-A861-1DBBA60A545C.jpg; F7C7B46A-A900-47C6-88C6-AE0449B2D4C1.jpg,Research,2017-08-25 10:04,"Clayton Lamb, Laura Smit, Trish Burley",49.649531,-114.913437,Olson Pit ,Leg Snare,Yes,Follow It,Black,6055,64,Black,64,Black,59,163,136,,96,19.7,,,2017-11-15,Connection failure,,2017-11-15,Connection failure,2018-05-29,Capture,No
EVGF73,Melissa,,cl-Melissa,Grizzly Bear,F,5,3,120,25082C49-B618-4DA6-A6A7-F44F21DC0A51.jpg; 55FF1BA6-9A80-4AEC-97FF-67907D8CF815.jpg; F9B373BA-1F77-4542-B8EC-3C2F27B98852.jpg,Research,2017-09-20 10:40,"Laura Smit, Clayton Lamb, Frank Deboon, Trish Burley",50.051685,-114.930057,Elkford,Leg Snare,Yes,Follow It,Black,6058,73,Black,73,Black,57,168,152,,96,18.2,,26.66273914,2019-03-24,Rotted,,2019-03-24,Rotted,,,No
EVGF82,Cali,,cl-Cali,Grizzly Bear,F,6,9,145,D6C39D66-4D95-4609-9D47-799B4AA1A697.jpg; 71FEF5D4-AE75-495F-9FCF-9ED09DA6A8F4.jpg,Research,2018-09-18 7:26,"Clayton Lamb, Laura Smit, Cali Lewis",49.355568,-115.000229,Morrissey (NCC Meadow),Leg Snare,No,Follow It,Black,6485,82,Black,82,Black,63,181,158,,103,19.4,,29.46658612,2018-09-26,Replaced/Recaptured,,2018-09-26,Replaced/Recaptured,,,No
EVGM44,Kenny,,13736,Grizzly Bear,M,5,6,155,80411A1A-8FE3-4369-B333-615827573E38~L0~001.jpeg,Research,2016-09-25 9:24,"Clayton Lamb, Michael Proctor",49.881655,-114.918578,Bait depot up Brule creek,Culvert,No,Vectronic,Brown,18494,249,Black,249,Black,67,181,,,111,,,29.32384021,2017-05-15,Rotted,,2017-05-15,Rotted,2017-09-19,Capture,No
EVGM44,Kenny,,13736,Grizzly Bear,M,7,7,167,2435A946-4FC2-4934-8EA5-641D05BCAB03.jpg; 8FBF6F8F-3B5A-4A08-B9C2-A93BAF06D4B0.jpg; 870629B1-B7A7-4A1B-84DE-02E2D339DCAF.jpg,Research,2017-09-19 8:18,"Clayton Lamb, Laura Smit, Darren Reghenas, Ryan Gordon",49.854098,-114.916384,Ron and Diana Plessis' property,Leg Snare,Yes,Follow It,Black,6052,249,Black,249,Black,67,184,169,,109.5,20.5,,,2018-05-03,Rotted,,2018-05-03,Rotted,2018-10-15,DNA,No
EVGM47,Bill,,cl-Bill,Grizzly Bear,M,3,3,109,,Research,2016-10-02 13:04,"Bill Hanlon, Clayton Lamb, Bruce McLellan",49.692663,-114.893895,Sparwood Landfill,Leg Snare,Yes,Vectronic,Brown,15107,381,Red,,,57,152,139,155,101,,,23.53670152,2016-11-04,Mortality,,2016-11-04,Mortality,,,No
EVGM48,Joe,,7040,Grizzly Bear,M,16,12,246,8A72A84E-5724-486A-AC6C-A0B55039F2FD~L0~001.jpeg,Research,2016-10-03 13:12,"Clayton Lamb, Bill Hanlon, Bruce McLellan, Joe Caravetta",49.58647,-115.023715,Hosmer West,Leg Snare,No,Vectronic,Brown,18497,382,Red,,,84,191,171,209,134,,,27.9399145,2017-06-17,Rotted,,2017-06-17,Rotted,2017-10-22,Capture,No
EVGM50,Darren,,14489,Grizzly Bear,M,8,8,215,AE9AAC5F-F570-4168-8F63-B6879A7B913B.jpg; 72FC85D1-BAE4-4117-BF91-5CB4096E6BF2.jpg; 14DAACBC-9491-4C63-9102-AFC1B302F2D3.jpg,Research,2017-08-26 9:20,"Clayton Lamb, Laura Smit, Joe Caravetta, Ryan Gordon",49.886966,-114.910203,Brule Pit,Leg Snare,No,Follow It,Black,6051,65,Black,65,Black,77,196,179,206,122,23.8,,18.69567671,2017-09-23,Connection failure,,2017-09-23,Connection failure,2021-12-24,Found rotted off,No
EVGM52,Olson,,14963,Grizzly Bear,M,12,8,226,C33043C2-25E8-4637-BD1A-C83CA8DAB512.jpg; BFB0CF80-E60A-4ED3-BD1C-E13ED92EBC8F.jpg; C863515B-6254-4559-A3F8-A1EBA2E6F715.jpg,Research,2017-04-30 8:45,"Clayton Lamb, Garth Mowat",49.64767,-114.91661,Olsen Pit Carcass Dump,Leg Snare,No,Vectronic,Brown,25456,67,Black,49,Black,81,196,180,,129,,,22.67624807,2018-05-13,Replaced/Recaptured,,2018-05-13,Replaced/Recaptured,,,No
EVGM53,Feng,,6276,Grizzly Bear,M,8,11,204,252A6FAD-AD75-4CD1-952D-2D81EDC52992.jpg; D4D10615-81BD-4073-9C6A-908A4CBA02D0.jpg; C3CB634E-49B4-4794-B5A5-EBEF4267E8FD.jpg,Research,2017-05-21 10:59,"Clayton Lamb, Laura Smit, Garth Mowat, Stu Clow, Frank Deboon",50.028863,-114.822453,Fording Road near Ewin Junction,Leg Snare,No,Follow It,Black,6004,53,Black,53,Black,86,175,160,185,130,21.6,,28.28427074,2017-06-04,Slipped,,2017-06-04,Slipped,2018-10-15,DNA,No
EVGM55,Ryan,,cl-Ryan,Grizzly Bear,M,4,4,111,20E48323-CE39-4EA0-84CB-AC7AEF86DCB5.jpg; 3509C31E-0625-484E-890C-D1A7B87D55FF.jpg; E8AF7A64-BF42-423E-B6DA-015F4ED2C826.jpg,Research,2017-05-01 10:43,"Clayton Lamb, Frank Deboon",49.540729,-115.031823,Just north of fernie in field,Culvert,No,Vectronic,Brown,15107,55,Black,55,Black,62,154,144,,97,,,26.34230465,2017-05-15,Mortality,,2017-05-15,Mortality,,,No
EVGM58,Sid,,18387,Grizzly Bear,M,4,5,115,AFBDC6E9-06B8-481F-8B56-C86597B3D41D.jpg,Research,2017-05-24 10:45,Clayton Lamb,50.060801,-114.907803,Round Prairie (at about 104.2km),Free range,No,Follow It,Black,6005,,,58,Black,57,162,,,94.3,,,15.63657659,2017-06-08,Connection failure,,2017-08-05,Mortality,,,No
EVGM58,Sid,,18387,Grizzly Bear,M,,4,60,,Research,2016-05-22 10:45,Alberta Parks,50.678586,-115.113212,K country in AB (location above is approx),,No,,,21015,,,,,,,,,,,,,2016-10-06,Rotted,,2016-10-06,Rotted,2017-05-24,Capture,No
EVGM59,Hartley,,11888,Grizzly Bear,M,4,6,108,C34B169C-85B3-43CD-974A-4809ABAEB89D.jpg; 801A84D0-85AE-47C7-ADFF-0C3ACBEF7CCF.jpg,Research,2017-06-08 10:18,"Clayton Lamb, Abbey Wilson, Trish Burley, Ryan Gordon",49.578638,-115.027867,Up Hartley side of road,Leg Snare,No,Follow It,Black,6007,59,Black,59,Black,59,182,151,,99,,,,2017-10-15,Connection failure,,2017-10-16,Mortality,,,No
EVGM61,Donnie,,cl-Donnie,Grizzly Bear,M,4,3,121,0AF2931B-8A73-46F5-A567-752196204FF0.jpg; 80376618-5CC9-4E28-83D7-B1565CC2EA49.jpg,Management,2017-09-14 20:45,"Clayton Lamb, Laura Smit, Frank Deboon",50.016776,-114.92241,Eating apples in yard on Alpine Way. ,Free range,No,Follow It,Black,6058,61,Black,,,54,163,,,,,,29.64766158,2017-09-15,Mortality,,2017-09-15,Mortality,,,No
EVGM61,Donnie,,cl-Donnie,Grizzly Bear,M,4,3,86,0A9368F9-BB4C-4CE9-BA2D-0D50E6A6C909.jpg; AEC0B165-D398-4C3B-8CA4-377110F2027E.jpg; 284C5B11-7049-4699-A708-929B7061BCAC.jpg; F5872DE4-670A-495F-9F48-C24F2E1A9454.jpg,Research,2017-06-19 12:24,"Clayton Lamb, Laura Smit",50.128031,-114.948468,Around 112.5 km on Elk FSR. He was walking up the road and CL free ranged him. ,Free range,No,Follow It,Black,6058,61,Black,,,48,153,137,164,86,16.8,,5.990497105,2017-06-20,Replaced/Recaptured,,2017-06-20,Replaced/Recaptured,,,No
EVGM61,Donnie,,cl-Donnie,Grizzly Bear,M,4,3,,,Research,2017-06-20 11:24,"Clayton Lamb, Laura Smit",50.12495,-114.958275,Slim Slides,Leg Snare,No,Followit,Black,6058,,,,,,,,,,,,,2017-09-14,Replaced/Recaptured,,2017-09-14,Replaced/Recaptured,,,No
EVGM69,EVGM69,,cl-EVGM69,Grizzly Bear,M,1,,61,D5F7D1D6-88ED-4F6A-834A-BE807CBEB11C.jpg,Research,2017-09-19 13:31,"Clayton Lamb, Laura Smit, Trish Burley, Ryan Gordon",49.355518,-115.000715,Morrissey (NCC meadow),Leg Snare,No,,,,,,69,Black,,,,,,,,,,,,,,,,No
EVGM69,EVGM69,,cl-EVGM69,Grizzly Bear,M,1,,,,Research,2017-09-10 15:48,"Clayton Lamb, Frank Deboon",49.355518,-115.000715,Morrissey (NCC meadow),Leg Snare,Yes,,,,,,69,Black,,,,,,,,,,,,,,,,No
EVGM71,Basil,,19866,Grizzly Bear,M,4,5,131,78757395-9970-47AD-9F86-D264D93C11BA.jpg,Research,2017-09-19 7:53,"Clayton Lamb, Laura Smit, Darren Reghenas, Ryan Gordon",49.854106,-114.916409,Ron and Diana Plessis' property,Leg Snare,Yes,Follow It,Black,6003,71,Black,71,Black,57,173,151,,107,,,28.73136954,2018-04-16,Rotted,,2018-04-16,Rotted,2018-10-15,DNA,No
EVGM75,Russ,,7093,Grizzly Bear,M,10,12,170,E7873474-45C8-40C6-BA47-5A0E092C9C88.jpg,Management,2017-10-26 9:32,"Clayton Lamb, Ryan Gordon, Trish Burley",49.56854,-115.005613,Hutchinson farm,Culvert,No,Follow It,Black,6053,75,Black,75,Black,70,180,158,,117,,,,2018-06-04,Rotted,,2018-06-04,Rotted,,,No
EVGM76,Jerry,,14830,Grizzly Bear,M,7,7,,6E710674-AB89-4CCE-A464-0C5F3ACC6544.jpg,Research,2018-04-30 9:21,"Clayton Lamb, Ryan Gordon",49.648399,-114.916402,Olson Pit,Leg Snare,No,Follow It,Black,6278,,,,,,,,,,,,,2018-06-25,Rotted,,2018-06-25,Rotted,2018-09-28,Capture,No
EVGM76,Jerry,,14830,Grizzly Bear,M,7,7,181,953FE704-92B3-44DC-8C75-235EC147D8C6.jpg; EEBFA55B-5084-4236-BB86-E41FADE086BC.jpg,Research,2018-04-23 9:28,"Clayton Lamb, Ryan Gordon",49.647977,-114.917389,Olson Pit,Leg Snare,No,Follow It,Black,6278,76,Black,76,Black,72,204,176,213,114,22.25,,21.32797631,2018-04-30,Replaced/Recaptured,,2018-04-30,Replaced/Recaptured,,,No
EVGM77,Gums,,3165,Grizzly Bear,M,20,26,198,710F266A-5FEB-4CCC-9B87-82ACFD8365F4.jpg,Research,2018-05-05 6:47,Clayton Lamb,49.647882,-114.917235,Olson Pit,Leg Snare,No,Follow It,Black,6277,77,Black,,,76,191,,,125,23.5,,23.93072617,2018-10-23,Rotted,,2018-10-23,Rotted,2019-09-16,Capture,No
EVGM78,Sam,,5441,Grizzly Bear,M,8,14,206,B3AC7FEE-DCAD-4817-92A6-FD6A17CA40FB.jpg; 9FB52CF2-1E37-4F4A-8CB2-A6EB2D9C7760.jpg,Research,2018-05-06 9:54,"Clayton Lamb, Sam Medcalf, Chad Bowen",49.889003,-114.911271,Brule pit,Leg Snare,No,Follow It,Black,6262,78,Black,78,Black,76,192,,,117,24,,25.94123237,2018-08-24,Rotted,,2018-08-24,Rotted,,LS confirm,No
EVGM79,Matt,,cl-Matt,Grizzly Bear,M,5,4,156.5,CE335899-5A1B-496B-A46C-AFB9C8585E95.jpg; 2138F7B4-A2C3-4A05-94C9-BCDCDAA19049.jpg,Management,2018-05-17 13:03,"Clayton Lamb, Garth Mowat, Laura Smit, Matt Corbett",49.573093,-115.568619,"Mallard Ranch, 687 Wardner Road, near Fort Steele",Culvert,No,Follow It,Black,6005,79,Black,79,Black,63.5,180,170,,102,19.5,,26.08915504,2018-09-08,Rotted,,2018-09-08,Rotted,,,No
EVGM80,Tim,,11513,Grizzly Bear,M,10,14,,DEBE0901-0876-4B84-857C-A9293445962B.jpg; BD15B13C-0841-427A-9A9B-0BE0392045F3.jpg; 42A7E19F-80BB-48AB-AFF8-6C9CB683F0C0.jpg,Research,2018-05-18 8:24,"Clayton Lamb, Laura Smit, Garth Mowat, Trish Burley",49.647755,-114.917369,Olson Pit,Leg Snare,No,Follow It,Black,6007,,,80,Black,86,203,,213,,23.3,,,2018-06-10,Slipped,,2018-06-10,Slipped,,,No
EVGM81,Gary,,5814,Grizzly Bear,M,13,18,265,C2FFDFA4-B1BC-4D90-91CB-7B50EB92BDAE.jpg; BBC2A1E8-17EE-4438-AB83-D1E389F2C84E.jpg; 7B3158D5-D785-4FC5-BB8C-CEA380B8CD5E.jpg,Research,2018-05-19 7:23,"Clayton Lamb, Laura Smit, Garth Mowat",49.841019,-114.865673,Grave Prairie,Leg Snare,No,Follow It,Black,6275,81,Black,81,Black,83,194,170,,136,23.8,,29.93957894,2018-05-27,Slipped,,2018-05-27,Slipped,2018-06-15,DNA,No